{"stat.chestOpened":8,"stat.walkOneCm":60834,"stat.leaveGame":12,"stat.craftItem.minecraft.crafting_table":1,"stat.drop.pixelmon.kebia_berry":4,"stat.jump":483,"stat.swimOneCm":7989,"stat.fallOneCm":12540,"stat.crouchOneCm":57,"stat.sprintOneCm":59707,"stat.craftItem.minecraft.planks":20,"stat.useItem.minecraft.egg":2,"NormalPokeLootChieve":1,"stat.damageTaken":50,"stat.flyOneCm":1075535,"stat.deaths":1,"stat.drop":4,"stat.mineBlock.minecraft.leaves":5,"stat.pickup.minecraft.egg":2,"stat.playOneMinute":48121,"stat.sneakTime":91,"stat.timeSinceDeath":14973,"stat.mineBlock.minecraft.tallgrass":3,"stat.diveOneCm":426078}