{"stat.chestOpened":8,"stat.walkOneCm":76961,"stat.leaveGame":12,"stat.drop.minecraft.porkchop":2,"stat.craftItem.minecraft.crafting_table":1,"stat.useItem.minecraft.diamond_sword":2,"stat.drop.pixelmon.kebia_berry":4,"stat.jump":520,"stat.swimOneCm":7989,"stat.fallOneCm":13167,"stat.pickup.minecraft.porkchop":2,"stat.crouchOneCm":1505,"stat.sprintOneCm":63744,"stat.useItem.minecraft.stone_slab2":5,"stat.craftItem.minecraft.planks":20,"stat.useItem.minecraft.egg":2,"stat.killEntity.jenny":1,"NormalPokeLootChieve":1,"stat.damageTaken":50,"stat.mobKills":1,"stat.flyOneCm":1446568,"stat.pickup.minecraft.bed":1,"stat.deaths":1,"stat.drop":9,"stat.pickup.minecraft.wheat_seeds":3,"stat.mineBlock.minecraft.leaves":5,"stat.pickup.minecraft.egg":2,"stat.playOneMinute":60721,"stat.drop.minecraft.wheat_seeds":3,"stat.sneakTime":620,"stat.damageDealt":180,"stat.timeSinceDeath":27573,"stat.useItem.minecraft.spawn_egg":1,"stat.drop.minecraft.grass":1,"stat.mineBlock.minecraft.tallgrass":16,"stat.diveOneCm":426078}