{"stat.chestOpened":8,"stat.useItem.minecraft.splash_potion":15,"stat.leaveGame":15,"stat.pickup.minecraft.iron_sword":1,"stat.useItem.minecraft.diamond_sword":6,"stat.useItem.minecraft.potion":1,"stat.jump":637,"stat.swimOneCm":7989,"stat.fallOneCm":13502,"stat.killEntity.ellie":1,"stat.pickup.minecraft.porkchop":2,"stat.crouchOneCm":5445,"stat.useItem.minecraft.stone_slab2":77,"stat.pickup.minecraft.bow":3,"stat.drop.minecraft.iron_sword":1,"stat.useItem.minecraft.egg":2,"stat.killEntity.jenny":1,"NormalPokeLootChieve":1,"stat.damageTaken":50,"stat.flyOneCm":1498600,"stat.pickup.minecraft.bed":1,"stat.pickup.minecraft.wheat_seeds":3,"stat.drop.minecraft.wheat_seeds":3,"stat.damageDealt":600,"stat.timeSinceDeath":3632,"stat.useItem.minecraft.spawn_egg":8,"stat.walkOneCm":102523,"stat.killEntity.bia":1,"stat.drop.minecraft.porkchop":2,"stat.craftItem.minecraft.crafting_table":1,"stat.useItem.minecraft.lava_bucket":39,"stat.drop.pixelmon.kebia_berry":4,"stat.pickup.minecraft.beef":1,"stat.sprintOneCm":68844,"stat.drop.minecraft.potion":1,"stat.drop.minecraft.bow":2,"stat.drop.minecraft.nether_brick":1,"stat.craftItem.minecraft.planks":20,"stat.useItem.minecraft.flint_and_steel":1,"stat.mobKills":3,"stat.deaths":2,"stat.drop":15,"stat.mineBlock.minecraft.leaves":5,"stat.pickup.minecraft.egg":2,"stat.playOneMinute":86464,"stat.sneakTime":1656,"stat.pickup.minecraft.wool":2,"stat.drop.minecraft.beef":1,"stat.drop.minecraft.grass":1,"stat.mineBlock.minecraft.tallgrass":16,"stat.diveOneCm":426078}