{"stat.chestOpened":8,"stat.useItem.minecraft.splash_potion":1,"stat.walkOneCm":84536,"stat.leaveGame":13,"stat.drop.minecraft.porkchop":2,"stat.craftItem.minecraft.crafting_table":1,"stat.useItem.minecraft.diamond_sword":2,"stat.drop.pixelmon.kebia_berry":4,"stat.jump":557,"stat.swimOneCm":7989,"stat.fallOneCm":13167,"stat.pickup.minecraft.porkchop":2,"stat.crouchOneCm":1953,"stat.sprintOneCm":66758,"stat.useItem.minecraft.stone_slab2":25,"stat.craftItem.minecraft.planks":20,"stat.useItem.minecraft.egg":2,"stat.killEntity.jenny":1,"stat.useItem.minecraft.flint_and_steel":1,"NormalPokeLootChieve":1,"stat.damageTaken":50,"stat.mobKills":1,"stat.flyOneCm":1491590,"stat.pickup.minecraft.bed":1,"stat.deaths":1,"stat.drop":9,"stat.pickup.minecraft.wheat_seeds":3,"stat.mineBlock.minecraft.leaves":5,"stat.pickup.minecraft.egg":2,"stat.playOneMinute":74095,"stat.drop.minecraft.wheat_seeds":3,"stat.sneakTime":705,"stat.damageDealt":200,"stat.timeSinceDeath":40947,"stat.useItem.minecraft.spawn_egg":3,"stat.drop.minecraft.grass":1,"stat.mineBlock.minecraft.tallgrass":16,"stat.diveOneCm":426078}