{
  "minecraft:recipes/building_blocks/oak_wooden_slab": {
    "criteria": {
      "has_planks": "2024-09-07 17:00:37 +0000"
    },
    "done": true
  },
  "minecraft:recipes/combat/golden_chestplate": {
    "criteria": {
      "has_gold_ingot": "2024-09-07 05:30:11 +0000"
    },
    "done": true
  },
  "pixelmon:recipes/helditems/ghost_gem": {
    "criteria": {
      "has_base_item": "2024-09-07 05:30:11 +0000"
    },
    "done": true
  },
  "minecraft:recipes/tools/diamond_axe": {
    "criteria": {
      "has_diamond": "2024-09-07 05:30:11 +0000"
    },
    "done": true
  },
  "minecraft:nether/root": {
    "criteria": {
      "entered_nether": "2024-09-08 03:48:20 +0000"
    },
    "done": true
  },
  "biomesoplenty:recipes/decorations/sign_from_bop_wood": {
    "criteria": {
      "has_the_recipe": "2024-09-07 17:00:37 +0000"
    },
    "done": true
  },
  "pixelmon:recipes/tools/gold_hammer": {
    "criteria": {
      "has_base_item": "2024-09-07 05:30:11 +0000"
    },
    "done": true
  },
  "biomesoplenty:recipes/transportation/boat_fir": {
    "criteria": {
      "entered_water": "2024-09-07 05:16:14 +0000"
    },
    "done": true
  },
  "pixelmon:recipes/decoration/lure_displayball": {
    "criteria": {
      "has_base_item": "2024-09-07 05:29:41 +0000"
    },
    "done": true
  },
  "pixelmon:recipes/helditems/ground_gem": {
    "criteria": {
      "has_base_item": "2024-09-07 05:30:11 +0000"
    },
    "done": true
  },
  "pixelmon:recipes/decoration/ultra_displayball": {
    "criteria": {
      "has_base_item": "2024-09-07 05:29:41 +0000"
    },
    "done": true
  },
  "minecraft:recipes/decorations/crafting_table": {
    "criteria": {
      "has_planks": "2024-09-07 17:00:37 +0000"
    },
    "done": true
  },
  "minecraft:recipes/tools/golden_hoe": {
    "criteria": {
      "has_gold_ingot": "2024-09-07 05:30:11 +0000"
    },
    "done": true
  },
  "minecraft:nether/find_fortress": {
    "criteria": {
      "fortress": "2024-09-08 03:48:37 +0000"
    },
    "done": true
  },
  "pixelmon:recipes/helditems/water_gem": {
    "criteria": {
      "has_base_item": "2024-09-07 05:30:11 +0000"
    },
    "done": true
  },
  "minecraft:recipes/redstone/trapdoor": {
    "criteria": {
      "has_planks": "2024-09-07 17:00:37 +0000"
    },
    "done": true
  },
  "minecraft:recipes/decorations/chest": {
    "criteria": {
      "has_lots_of_items": "2024-09-07 05:30:11 +0000"
    },
    "done": true
  },
  "minecraft:recipes/combat/golden_sword": {
    "criteria": {
      "has_gold_ingot": "2024-09-07 05:30:11 +0000"
    },
    "done": true
  },
  "biomesoplenty:recipes/transportation/boat_sacred_oak": {
    "criteria": {
      "entered_water": "2024-09-07 05:16:14 +0000"
    },
    "done": true
  },
  "biomesoplenty:recipes/transportation/boat_pine": {
    "criteria": {
      "entered_water": "2024-09-07 05:16:14 +0000"
    },
    "done": true
  },
  "minecraft:recipes/combat/diamond_sword": {
    "criteria": {
      "has_diamond": "2024-09-07 05:30:11 +0000"
    },
    "done": true
  },
  "minecraft:recipes/redstone/wooden_pressure_plate": {
    "criteria": {
      "has_planks": "2024-09-07 17:00:37 +0000"
    },
    "done": true
  },
  "minecraft:recipes/misc/stick": {
    "criteria": {
      "has_planks": "2024-09-07 17:00:37 +0000"
    },
    "done": true
  },
  "minecraft:recipes/decorations/sign": {
    "criteria": {
      "has_planks": "2024-09-07 17:00:37 +0000"
    },
    "done": true
  },
  "pixelmon:recipes/utility/orange_tank": {
    "criteria": {
      "has_base_item": "2024-09-08 03:47:48 +0000"
    },
    "done": true
  },
  "minecraft:recipes/transportation/spruce_boat": {
    "criteria": {
      "entered_water": "2024-09-07 05:16:14 +0000"
    },
    "done": true
  },
  "minecraft:recipes/decorations/jukebox": {
    "criteria": {
      "has_diamond": "2024-09-07 05:30:11 +0000"
    },
    "done": true
  },
  "minecraft:recipes/redstone/light_weighted_pressure_plate": {
    "criteria": {
      "has_gold_ingot": "2024-09-07 05:30:11 +0000"
    },
    "done": true
  },
  "biomesoplenty:recipes/redstone/wooden_pressure_plate_from_bop_wood": {
    "criteria": {
      "has_the_recipe": "2024-09-07 17:00:37 +0000"
    },
    "done": true
  },
  "minecraft:recipes/tools/flint_and_steel": {
    "criteria": {
      "has_obsidian": "2024-09-08 03:47:48 +0000"
    },
    "done": true
  },
  "minecraft:recipes/redstone/wooden_button": {
    "criteria": {
      "has_planks": "2024-09-07 17:00:37 +0000"
    },
    "done": true
  },
  "biomesoplenty:recipes/transportation/boat_ethereal": {
    "criteria": {
      "entered_water": "2024-09-07 05:16:14 +0000"
    },
    "done": true
  },
  "minecraft:recipes/building_blocks/oak_planks": {
    "criteria": {
      "has_log": "2024-09-07 17:00:29 +0000"
    },
    "done": true
  },
  "biomesoplenty:recipes/transportation/boat_cherry": {
    "criteria": {
      "entered_water": "2024-09-07 05:16:14 +0000"
    },
    "done": true
  },
  "minecraft:recipes/food/cake": {
    "criteria": {
      "has_egg": "2024-09-07 05:16:48 +0000"
    },
    "done": true
  },
  "pixelmon:recipes/helditems/steel_gem": {
    "criteria": {
      "has_base_item": "2024-09-07 05:30:11 +0000"
    },
    "done": true
  },
  "pixelmon:recipes/utility/green_tank": {
    "criteria": {
      "has_base_item": "2024-09-08 03:47:48 +0000"
    },
    "done": true
  },
  "minecraft:recipes/misc/gold_nugget": {
    "criteria": {
      "has_gold_ingot": "2024-09-07 05:30:11 +0000"
    },
    "done": true
  },
  "minecraft:recipes/tools/golden_axe": {
    "criteria": {
      "has_gold_ingot": "2024-09-07 05:30:11 +0000"
    },
    "done": true
  },
  "minecraft:recipes/decorations/fence": {
    "criteria": {
      "has_planks": "2024-09-07 17:00:37 +0000"
    },
    "done": true
  },
  "minecraft:recipes/combat/golden_helmet": {
    "criteria": {
      "has_gold_ingot": "2024-09-07 05:30:11 +0000"
    },
    "done": true
  },
  "pixelmon:recipes/utility/item_finder": {
    "criteria": {
      "has_base_item": "2024-09-07 05:30:11 +0000"
    },
    "done": true
  },
  "pixelmon:recipes/tools/diamond_hammer": {
    "criteria": {
      "has_base_item": "2024-09-07 05:30:11 +0000"
    },
    "done": true
  },
  "minecraft:recipes/tools/lead": {
    "criteria": {
      "has_slime_ball": "2024-09-07 17:01:59 +0000"
    },
    "done": true
  },
  "pixelmon:recipes/restoration/revive": {
    "criteria": {
      "has_base_item": "2024-09-07 05:30:11 +0000"
    },
    "done": true
  },
  "pixelmon:recipes/helditems/flying_gem": {
    "criteria": {
      "has_base_item": "2024-09-07 05:30:11 +0000"
    },
    "done": true
  },
  "pixelmon:recipes/decoration/love_displayball": {
    "criteria": {
      "has_base_item": "2024-09-07 05:29:41 +0000"
    },
    "done": true
  },
  "biomesoplenty:recipes/transportation/boat_ebony": {
    "criteria": {
      "entered_water": "2024-09-07 05:16:14 +0000"
    },
    "done": true
  },
  "pixelmon:recipes/helditems/psychic_gem": {
    "criteria": {
      "has_base_item": "2024-09-07 05:30:11 +0000"
    },
    "done": true
  },
  "biomesoplenty:recipes/transportation/boat_hellbark": {
    "criteria": {
      "entered_water": "2024-09-07 05:16:14 +0000"
    },
    "done": true
  },
  "minecraft:recipes/redstone/fence_gate": {
    "criteria": {
      "has_planks": "2024-09-07 17:00:37 +0000"
    },
    "done": true
  },
  "biomesoplenty:recipes/transportation/boat_mangrove": {
    "criteria": {
      "entered_water": "2024-09-07 05:16:14 +0000"
    },
    "done": true
  },
  "minecraft:story/root": {
    "criteria": {
      "crafting_table": "2024-09-07 17:00:40 +0000"
    },
    "done": true
  },
  "pixelmon:recipes/helditems/grass_gem": {
    "criteria": {
      "has_base_item": "2024-09-07 05:30:11 +0000"
    },
    "done": true
  },
  "biomesoplenty:recipes/transportation/boat_eucalyptus": {
    "criteria": {
      "entered_water": "2024-09-07 05:16:14 +0000"
    },
    "done": true
  },
  "minecraft:story/form_obsidian": {
    "criteria": {
      "obsidian": "2024-09-08 03:47:48 +0000"
    },
    "done": true
  },
  "minecraft:recipes/tools/golden_shovel": {
    "criteria": {
      "has_gold_ingot": "2024-09-07 05:30:11 +0000"
    },
    "done": true
  },
  "biomesoplenty:recipes/transportation/boat_mahogany": {
    "criteria": {
      "entered_water": "2024-09-07 05:16:14 +0000"
    },
    "done": true
  },
  "pixelmon:recipes/helditems/fairy_gem": {
    "criteria": {
      "has_base_item": "2024-09-07 05:30:11 +0000"
    },
    "done": true
  },
  "minecraft:recipes/tools/golden_pickaxe": {
    "criteria": {
      "has_gold_ingot": "2024-09-07 05:30:11 +0000"
    },
    "done": true
  },
  "biomesoplenty:recipes/decorations/crafting_table_from_bop_wood": {
    "criteria": {
      "has_the_recipe": "2024-09-07 17:00:37 +0000"
    },
    "done": true
  },
  "pixelmon:recipes/helditems/dark_gem": {
    "criteria": {
      "has_base_item": "2024-09-07 05:30:11 +0000"
    },
    "done": true
  },
  "minecraft:recipes/combat/diamond_chestplate": {
    "criteria": {
      "has_diamond": "2024-09-07 05:30:11 +0000"
    },
    "done": true
  },
  "minecraft:recipes/redstone/sticky_piston": {
    "criteria": {
      "has_slime_ball": "2024-09-07 17:01:59 +0000"
    },
    "done": true
  },
  "biomesoplenty:recipes/redstone/trapdoor_from_bop_wood": {
    "criteria": {
      "has_the_recipe": "2024-09-07 17:00:37 +0000"
    },
    "done": true
  },
  "biomesoplenty:biomesoplenty/all_biomes": {
    "criteria": {
      "fungi_forest": "2024-09-08 03:48:23 +0000"
    },
    "done": false
  },
  "pixelmon:recipes/helditems/normal_gem": {
    "criteria": {
      "has_base_item": "2024-09-07 05:30:11 +0000"
    },
    "done": true
  },
  "pixelmon:recipes/helditems/bug_gem": {
    "criteria": {
      "has_base_item": "2024-09-07 05:30:11 +0000"
    },
    "done": true
  },
  "minecraft:adventure/adventuring_time": {
    "criteria": {
      "forest": "2024-09-07 04:47:40 +0000",
      "deep_ocean": "2024-09-07 05:30:25 +0000",
      "beaches": "2024-09-07 05:30:18 +0000",
      "extreme_hills_with_trees": "2024-09-07 05:27:57 +0000",
      "forest_hills": "2024-09-07 05:16:05 +0000",
      "plains": "2024-09-07 05:20:10 +0000",
      "taiga": "2024-09-07 05:13:13 +0000",
      "taiga_hills": "2024-09-07 05:13:06 +0000",
      "ocean": "2024-09-07 05:30:19 +0000",
      "extreme_hills": "2024-09-07 05:27:34 +0000",
      "river": "2024-09-07 05:17:06 +0000"
    },
    "done": false
  },
  "minecraft:recipes/combat/diamond_leggings": {
    "criteria": {
      "has_diamond": "2024-09-07 05:30:11 +0000"
    },
    "done": true
  },
  "minecraft:recipes/transportation/birch_boat": {
    "criteria": {
      "entered_water": "2024-09-07 05:16:14 +0000"
    },
    "done": true
  },
  "minecraft:recipes/food/golden_apple": {
    "criteria": {
      "has_gold_ingot": "2024-09-07 05:30:11 +0000"
    },
    "done": true
  },
  "biomesoplenty:recipes/transportation/boat_willow": {
    "criteria": {
      "entered_water": "2024-09-07 05:16:14 +0000"
    },
    "done": true
  },
  "minecraft:recipes/building_blocks/oak_stairs": {
    "criteria": {
      "has_planks": "2024-09-07 17:00:37 +0000"
    },
    "done": true
  },
  "pixelmon:recipes/helditems/rock_gem": {
    "criteria": {
      "has_base_item": "2024-09-07 05:30:11 +0000"
    },
    "done": true
  },
  "minecraft:recipes/decorations/enchanting_table": {
    "criteria": {
      "has_obsidian": "2024-09-08 03:47:48 +0000"
    },
    "done": true
  },
  "minecraft:recipes/transportation/acacia_boat": {
    "criteria": {
      "entered_water": "2024-09-07 05:16:14 +0000"
    },
    "done": true
  },
  "biomesoplenty:recipes/transportation/boat_redwood": {
    "criteria": {
      "entered_water": "2024-09-07 05:16:14 +0000"
    },
    "done": true
  },
  "minecraft:recipes/transportation/boat": {
    "criteria": {
      "entered_water": "2024-09-07 05:16:14 +0000"
    },
    "done": true
  },
  "minecraft:recipes/transportation/jungle_boat": {
    "criteria": {
      "entered_water": "2024-09-07 05:16:14 +0000"
    },
    "done": true
  },
  "pixelmon:recipes/misc/cloner_cord": {
    "criteria": {
      "has_base_item": "2024-09-08 03:47:48 +0000"
    },
    "done": true
  },
  "minecraft:recipes/building_blocks/diamond_block": {
    "criteria": {
      "has_at_least_9_diamond": "2024-09-08 03:45:44 +0000"
    },
    "done": true
  },
  "minecraft:recipes/transportation/dark_oak_boat": {
    "criteria": {
      "entered_water": "2024-09-07 05:16:14 +0000"
    },
    "done": true
  },
  "minecraft:recipes/tools/diamond_pickaxe": {
    "criteria": {
      "has_diamond": "2024-09-07 05:30:11 +0000"
    },
    "done": true
  },
  "minecraft:recipes/tools/diamond_hoe": {
    "criteria": {
      "has_diamond": "2024-09-07 05:30:11 +0000"
    },
    "done": true
  },
  "biomesoplenty:recipes/transportation/boat_jacaranda": {
    "criteria": {
      "entered_water": "2024-09-07 05:16:14 +0000"
    },
    "done": true
  },
  "biomesoplenty:recipes/transportation/boat_umbran": {
    "criteria": {
      "entered_water": "2024-09-07 05:16:14 +0000"
    },
    "done": true
  },
  "pixelmon:recipes/helditems/electric_gem": {
    "criteria": {
      "has_base_item": "2024-09-07 05:30:11 +0000"
    },
    "done": true
  },
  "minecraft:recipes/tools/diamond_shovel": {
    "criteria": {
      "has_diamond": "2024-09-07 05:30:11 +0000"
    },
    "done": true
  },
  "pixelmon:recipes/decoration/great_displayball": {
    "criteria": {
      "has_base_item": "2024-09-07 05:29:52 +0000"
    },
    "done": true
  },
  "minecraft:story/enter_the_nether": {
    "criteria": {
      "entered_nether": "2024-09-08 03:48:20 +0000"
    },
    "done": true
  },
  "pixelmon:recipes/helditems/dragon_gem": {
    "criteria": {
      "has_base_item": "2024-09-07 05:30:11 +0000"
    },
    "done": true
  },
  "pixelmon:recipes/helditems/poison_gem": {
    "criteria": {
      "has_base_item": "2024-09-07 05:30:11 +0000"
    },
    "done": true
  },
  "minecraft:recipes/combat/golden_leggings": {
    "criteria": {
      "has_gold_ingot": "2024-09-07 05:30:11 +0000"
    },
    "done": true
  },
  "biomesoplenty:recipes/redstone/wooden_button_from_bop_wood": {
    "criteria": {
      "has_the_recipe": "2024-09-07 17:00:37 +0000"
    },
    "done": true
  },
  "pixelmon:recipes/helditems/ice_gem": {
    "criteria": {
      "has_base_item": "2024-09-07 05:30:11 +0000"
    },
    "done": true
  },
  "biomesoplenty:recipes/transportation/boat_magic": {
    "criteria": {
      "entered_water": "2024-09-07 05:16:14 +0000"
    },
    "done": true
  },
  "minecraft:recipes/misc/diamond": {
    "criteria": {
      "has_the_recipe": "2024-09-08 03:45:44 +0000"
    },
    "done": true
  },
  "minecraft:recipes/combat/diamond_boots": {
    "criteria": {
      "has_diamond": "2024-09-07 05:30:11 +0000"
    },
    "done": true
  },
  "pixelmon:recipes/decoration/end_table": {
    "criteria": {
      "has_base_item": "2024-09-07 17:00:37 +0000"
    },
    "done": true
  },
  "pixelmon:worlds/enter_the_nether": {
    "criteria": {
      "enter_nether": "2024-09-08 03:48:20 +0000"
    },
    "done": true
  },
  "minecraft:story/mine_diamond": {
    "criteria": {
      "diamond": "2024-09-07 05:30:11 +0000"
    },
    "done": true
  },
  "pixelmon:recipes/decoration/bridge_block": {
    "criteria": {
      "has_base_item": "2024-09-07 17:00:29 +0000"
    },
    "done": true
  },
  "minecraft:recipes/combat/diamond_helmet": {
    "criteria": {
      "has_diamond": "2024-09-07 05:30:11 +0000"
    },
    "done": true
  },
  "pixelmon:recipes/helditems/fire_gem": {
    "criteria": {
      "has_base_item": "2024-09-07 05:30:11 +0000"
    },
    "done": true
  },
  "biomesoplenty:recipes/transportation/boat_palm": {
    "criteria": {
      "entered_water": "2024-09-07 05:16:14 +0000"
    },
    "done": true
  },
  "pixelmon:recipes/decoration/bench": {
    "criteria": {
      "has_base_item": "2024-09-07 17:00:37 +0000"
    },
    "done": true
  },
  "minecraft:recipes/redstone/wooden_door": {
    "criteria": {
      "has_planks": "2024-09-07 17:00:37 +0000"
    },
    "done": true
  },
  "pixelmon:recipes/helditems/fighting_gem": {
    "criteria": {
      "has_base_item": "2024-09-07 05:30:11 +0000"
    },
    "done": true
  },
  "minecraft:recipes/combat/golden_boots": {
    "criteria": {
      "has_gold_ingot": "2024-09-07 05:30:11 +0000"
    },
    "done": true
  }
}